name of file,num instance,num abbs,normal hit,,,,,,,,standised hit,,,,,,,,bias hit,,,,,,,,offline hit,,,,,,,,maybe hit,,,,,,,,stan+bias hit,,,,,,,,offline+bias hit,,,,,,,,maybe+bias hit,,,,,,,,offline+stan hit,,,,,,,,maybe+stan hit,,,,,,,,stan+bias+offline hit,,,,,,,,stan+bias+maybe hit,,,,,,,,enemble10 hit,,,,,,,,enemble50 hit,,,,,,,,enemble100 hit,
,,,TPR,FPR,FNR,TNR,Accuracy,Balanced Accuracy,Precision,F1,TPR,FPR,FNR,TNR,Accuracy,Balanced Accuracy,Precision,F1,TPR,FPR,FNR,TNR,Accuracy,Balanced Accuracy,Precision,F1,TPR,FPR,FNR,TNR,Accuracy,Balanced Accuracy,Precision,F1,TPR,FPR,FNR,TNR,Accuracy,Balanced Accuracy,Precision,F1,TPR,FPR,FNR,TNR,Accuracy,Balanced Accuracy,Precision,F1,TPR,FPR,FNR,TNR,Accuracy,Balanced Accuracy,Precision,F1,TPR,FPR,FNR,TNR,Accuracy,Balanced Accuracy,Precision,F1,TPR,FPR,FNR,TNR,Accuracy,Balanced Accuracy,Precision,F1,TPR,FPR,FNR,TNR,Accuracy,Balanced Accuracy,Precision,F1,TPR,FPR,FNR,TNR,Accuracy,Balanced Accuracy,Precision,F1,TPR,FPR,FNR,TNR,Accuracy,Balanced Accuracy,Precision,F1,TPR,FPR,FNR,TNR,Accuracy,Balanced Accuracy,Precision,F1,TPR,FPR,FNR,TNR,Accuracy,Balanced Accuracy,Precision,F1,TPR,FPR,FNR,TNR,Accuracy,Balanced Accuracy,Precision,F1,
acute-inflammation.arff,120,7,0.875,0.0,0.125,1.0,0.3442622950819672,0.4375,0.875,0.6,0.75,0.0,0.25,1.0,0.3442622950819672,0.375,0.75,0.75,0.6,0.0,0.4,1.0,0.3442622950819672,0.3,0.6,0.6,0.8333333333333334,0.0,0.16666666666666666,1.0,0.32786885245901637,0.4166666666666667,0.8333333333333334,0.8333333333333334,0.8333333333333334,0.0,0.16666666666666666,1.0,0.32786885245901637,0.4166666666666667,0.8333333333333334,0.8333333333333334,0.6,0.0,0.4,1.0,0.3442622950819672,0.3,0.6,0.0,0.8571428571428571,0.0,0.14285714285714285,1.0,0.29508196721311475,0.42857142857142855,0.8571428571428571,0.8571428571428571,0.8571428571428571,0.0,0.14285714285714285,1.0,0.29508196721311475,0.42857142857142855,0.8571428571428571,0.8571428571428571,0.8571428571428571,0.0,0.14285714285714285,1.0,0.39344262295081966,0.42857142857142855,0.8571428571428571,0.8571428571428571,0.8571428571428571,0.0,0.14285714285714285,1.0,0.39344262295081966,0.42857142857142855,0.8571428571428571,0.8571428571428571,0.4897959183673469,0.0,0.5102040816326531,1.0,0.39344262295081966,0.24489795918367346,0.4897959183673469,0.4897959183673469,0.4897959183673469,0.0,0.5102040816326531,1.0,0.39344262295081966,0.24489795918367346,0.4897959183673469,0.4897959183673469,0.6857142857142857,0.6538461538461539,0.3142857142857143,0.34615384615384615,0.6721311475409836,0.6697802197802198,0.6857142857142857,0.6857142857142857,1.0,0.8235294117647058,0.0,0.17647058823529413,0.9016393442622951,0.9117647058823529,1.0,1.0,0.6923076923076923,0.7272727272727273,0.3076923076923077,0.2727272727272727,0.7049180327868853,0.7097902097902098,0.6923076923076923,0.6923076923076923,
acute-nephritis.arff,120,7,0.5625,0.0,0.4375,1.0,0.29508196721311475,0.28125,0.5625,0.8333333333333334,0.7666666666666667,0.0,0.23333333333333334,1.0,0.3770491803278688,0.38333333333333336,0.7666666666666667,0.7666666666666667,0.8620689655172413,0.0,0.13793103448275862,1.0,0.4098360655737705,0.43103448275862066,0.8620689655172413,0.8620689655172413,0.6538461538461539,0.0,0.34615384615384615,1.0,0.2786885245901639,0.3269230769230769,0.6538461538461539,0.6538461538461539,0.6538461538461539,0.0,0.34615384615384615,1.0,0.2786885245901639,0.3269230769230769,0.6538461538461539,0.6538461538461539,0.8333333333333334,0.0,0.16666666666666666,1.0,0.4098360655737705,0.4166666666666667,0.8333333333333334,0.0,0.6538461538461539,0.0,0.34615384615384615,1.0,0.2786885245901639,0.3269230769230769,0.6538461538461539,0.6538461538461539,0.8620689655172413,0.0,0.13793103448275862,1.0,0.4098360655737705,0.43103448275862066,0.8620689655172413,0.8620689655172413,0.9615384615384616,0.0,0.038461538461538464,1.0,0.4098360655737705,0.4807692307692308,0.9615384615384616,0.9615384615384616,0.9615384615384616,0.0,0.038461538461538464,1.0,0.4098360655737705,0.4807692307692308,0.9615384615384616,0.9615384615384616,0.7647058823529411,0.0,0.23529411764705882,1.0,0.21311475409836064,0.38235294117647056,0.7647058823529411,0.7647058823529412,0.7647058823529411,0.0,0.23529411764705882,1.0,0.21311475409836064,0.38235294117647056,0.7647058823529411,0.7647058823529412,0.9615384615384616,1.0,0.038461538461538464,0.0,0.9836065573770492,0.9807692307692308,0.9615384615384616,0.9615384615384616,1.0,1.0,0.0,0.0,1.0,1.0,1.0,1.0,1.0,1.0,0.0,0.0,1.0,1.0,1.0,1.0,
balloons.arff,16,5,0.6666666666666666,0.0,0.3333333333333333,1.0,0.4444444444444444,0.3333333333333333,0.6666666666666666,0.5,0.6666666666666666,0.0,0.3333333333333333,1.0,0.4444444444444444,0.3333333333333333,0.6666666666666666,0.6666666666666666,0.5,0.0,0.5,1.0,0.2222222222222222,0.25,0.5,0.5,0.75,0.0,0.25,1.0,0.3333333333333333,0.375,0.75,0.75,0.6666666666666666,0.0,0.3333333333333333,1.0,0.4444444444444444,0.3333333333333333,0.6666666666666666,0.6666666666666666,0.5,0.0,0.5,1.0,0.2222222222222222,0.25,0.5,0.0,0.6,0.0,0.4,1.0,0.3333333333333333,0.3,0.6,0.6,0.5,0.0,0.5,1.0,0.2222222222222222,0.25,0.5,0.5,0.6,0.0,0.4,1.0,0.3333333333333333,0.3,0.6,0.6,0.6666666666666666,0.0,0.3333333333333333,1.0,0.4444444444444444,0.3333333333333333,0.6666666666666666,0.6666666666666666,0.6666666666666666,0.0,0.3333333333333333,1.0,0.4444444444444444,0.3333333333333333,0.6666666666666666,0.6666666666666666,0.6666666666666666,0.0,0.3333333333333333,1.0,0.4444444444444444,0.3333333333333333,0.6666666666666666,0.6666666666666666,0.7142857142857143,0.5,0.2857142857142857,0.5,0.6666666666666666,0.6071428571428572,0.7142857142857143,0.7142857142857143,0.7142857142857143,0.5,0.2857142857142857,0.5,0.6666666666666666,0.6071428571428572,0.7142857142857143,0.7142857142857143,0.6666666666666666,0.3333333333333333,0.3333333333333333,0.6666666666666666,0.5555555555555556,0.5,0.6666666666666666,0.6666666666666666,
bank.arff,4521,17,0.11375387797311272,0.0,0.8862461220268872,1.0,0.048651039363113664,0.05687693898655636,0.11375387797311272,0.1860019175455417,0.0634469696969697,0.0,0.9365530303030303,1.0,0.029632905793896505,0.03172348484848485,0.0634469696969697,0.0634469696969697,0.18575553416746873,0.0,0.8142444658325313,1.0,0.08536045997346307,0.09287776708373437,0.18575553416746873,0.1857555341674687,0.18309859154929578,0.0,0.8169014084507042,1.0,0.07474568774878372,0.09154929577464789,0.18309859154929578,0.18309859154929578,0.11375387797311272,0.0,0.8862461220268872,1.0,0.048651039363113664,0.05687693898655636,0.11375387797311272,0.11375387797311272,0.1860019175455417,0.0,0.8139980824544583,1.0,0.08580274214949138,0.09300095877277086,0.1860019175455417,0.0,0.18647764449291168,0.0,0.8135223555070883,1.0,0.07563025210084033,0.09323882224645584,0.18647764449291168,0.18647764449291168,0.18575553416746873,0.0,0.8142444658325313,1.0,0.08536045997346307,0.09287776708373437,0.18575553416746873,0.1857555341674687,0.17184265010351968,0.0,0.8281573498964804,1.0,0.0734188412206988,0.08592132505175984,0.17184265010351968,0.17184265010351968,0.0634469696969697,0.0,0.9365530303030303,1.0,0.029632905793896505,0.03172348484848485,0.0634469696969697,0.0634469696969697,0.1691842900302115,0.0,0.8308157099697885,1.0,0.07430340557275542,0.08459214501510574,0.1691842900302115,0.1691842900302115,0.1691842900302115,0.0,0.8308157099697885,1.0,0.07430340557275542,0.08459214501510574,0.1691842900302115,0.1691842900302115,0.0733519034354689,0.8521959459459459,0.9266480965645311,0.14780405405405406,0.48120300751879697,0.46277392469070744,0.0733519034354689,0.0733519034354689,0.08188585607940446,0.8526615969581749,0.9181141439205955,0.1473384030418251,0.44051304732419283,0.4672737265187897,0.08188585607940446,0.08188585607940446,0.09345047923322684,0.8642220019821606,0.9065495207667732,0.13577799801783944,0.4374170720919947,0.4788362406076937,0.09345047923322684,0.09345047923322683,
blood.arff,748,5,0.21777777777777776,0.0,0.7822222222222223,1.0,0.13066666666666665,0.10888888888888888,0.21777777777777776,0.20945945945945946,0.228310502283105,0.0,0.771689497716895,1.0,0.13333333333333333,0.1141552511415525,0.228310502283105,0.228310502283105,0.20945945945945946,0.0,0.7905405405405406,1.0,0.08266666666666667,0.10472972972972973,0.20945945945945946,0.20945945945945946,0.07792207792207792,0.0,0.922077922077922,1.0,0.032,0.03896103896103896,0.07792207792207792,0.07792207792207792,0.07792207792207792,0.0,0.922077922077922,1.0,0.032,0.03896103896103896,0.07792207792207792,0.07792207792207792,0.20945945945945946,0.0,0.7905405405405406,1.0,0.08266666666666667,0.10472972972972973,0.20945945945945946,0.0,0.28169014084507044,0.0,0.7183098591549296,1.0,0.10666666666666667,0.14084507042253522,0.28169014084507044,0.28169014084507044,0.20945945945945946,0.0,0.7905405405405406,1.0,0.08266666666666667,0.10472972972972973,0.20945945945945946,0.20945945945945946,0.28368794326241137,0.0,0.7163120567375887,1.0,0.10666666666666667,0.14184397163120568,0.28368794326241137,0.28368794326241137,0.28368794326241137,0.0,0.7163120567375887,1.0,0.10666666666666667,0.14184397163120568,0.28368794326241137,0.28368794326241137,0.2149122807017544,0.0,0.7850877192982456,1.0,0.13066666666666665,0.1074561403508772,0.2149122807017544,0.2149122807017544,0.2149122807017544,0.0,0.7850877192982456,1.0,0.13066666666666665,0.1074561403508772,0.2149122807017544,0.2149122807017544,0.19444444444444445,0.6585365853658537,0.8055555555555556,0.34146341463414637,0.3466666666666667,0.42649051490514905,0.19444444444444445,0.19444444444444445,0.29955947136563876,0.8445945945945946,0.7004405286343612,0.1554054054054054,0.5146666666666667,0.5720770329801167,0.29955947136563876,0.29955947136563876,0.3105590062111801,0.8084112149532711,0.6894409937888198,0.19158878504672897,0.5946666666666667,0.5594851105822256,0.3105590062111801,0.3105590062111801,
breast-cancer.arff,286,10,0.546875,0.0,0.453125,1.0,0.24305555555555555,0.2734375,0.546875,0.3835616438356164,0.4852941176470588,0.0,0.5147058823529411,1.0,0.22916666666666666,0.2426470588235294,0.4852941176470588,0.4852941176470588,0.375,0.0,0.625,1.0,0.1875,0.1875,0.375,0.375,0.4057971014492754,0.0,0.5942028985507246,1.0,0.19444444444444445,0.2028985507246377,0.4057971014492754,0.4057971014492754,0.4057971014492754,0.0,0.5942028985507246,1.0,0.19444444444444445,0.2028985507246377,0.4057971014492754,0.4057971014492754,0.3835616438356164,0.0,0.6164383561643836,1.0,0.19444444444444445,0.1917808219178082,0.3835616438356164,0.0,0.4057971014492754,0.0,0.5942028985507246,1.0,0.19444444444444445,0.2028985507246377,0.4057971014492754,0.4057971014492754,0.375,0.0,0.625,1.0,0.1875,0.1875,0.375,0.375,0.5185185185185185,0.0,0.48148148148148145,1.0,0.19444444444444445,0.25925925925925924,0.5185185185185185,0.5185185185185185,0.5185185185185185,0.0,0.48148148148148145,1.0,0.19444444444444445,0.25925925925925924,0.5185185185185185,0.5185185185185185,0.27631578947368424,0.0,0.7236842105263158,1.0,0.14583333333333334,0.13815789473684212,0.27631578947368424,0.27631578947368424,0.27631578947368424,0.0,0.7236842105263158,1.0,0.14583333333333334,0.13815789473684212,0.27631578947368424,0.27631578947368424,0.4528301886792453,0.7362637362637363,0.5471698113207547,0.26373626373626374,0.6319444444444444,0.5945469624714907,0.4528301886792453,0.4528301886792453,0.4,0.7297297297297297,0.6,0.2702702702702703,0.5694444444444444,0.5648648648648649,0.4,0.4000000000000001,0.3875,0.734375,0.6125,0.265625,0.5416666666666666,0.5609375,0.3875,0.3875,
breast-cancer-wisc.arff,699,10,0.9279279279279279,0.0,0.07207207207207207,1.0,0.29428571428571426,0.46396396396396394,0.9279279279279279,0.943089430894309,0.8468468468468469,0.0,0.15315315315315314,1.0,0.26857142857142857,0.42342342342342343,0.8468468468468469,0.8468468468468469,0.943089430894309,0.0,0.056910569105691054,1.0,0.3314285714285714,0.4715447154471545,0.943089430894309,0.943089430894309,0.03463203463203463,0.0,0.9653679653679653,1.0,0.022857142857142857,0.017316017316017316,0.03463203463203463,0.03463203463203463,0.03463203463203463,0.0,0.9653679653679653,1.0,0.022857142857142857,0.017316017316017316,0.03463203463203463,0.03463203463203463,0.943089430894309,0.0,0.056910569105691054,1.0,0.3314285714285714,0.4715447154471545,0.943089430894309,0.0,0.01327433628318584,0.0,0.9867256637168141,1.0,0.008571428571428572,0.00663716814159292,0.01327433628318584,0.01327433628318584,0.943089430894309,0.0,0.056910569105691054,1.0,0.3314285714285714,0.4715447154471545,0.943089430894309,0.943089430894309,0.021929824561403508,0.0,0.9780701754385965,1.0,0.014285714285714285,0.010964912280701754,0.021929824561403508,0.021929824561403508,0.021929824561403508,0.0,0.9780701754385965,1.0,0.014285714285714285,0.010964912280701754,0.021929824561403508,0.021929824561403508,0.026200873362445413,0.0,0.9737991266375546,1.0,0.017142857142857144,0.013100436681222707,0.026200873362445413,0.026200873362445413,0.026200873362445413,0.0,0.9737991266375546,1.0,0.017142857142857144,0.013100436681222707,0.026200873362445413,0.026200873362445413,0.9590163934426229,0.9868421052631579,0.040983606557377046,0.013157894736842105,0.9771428571428571,0.9729292493528904,0.9590163934426229,0.9590163934426229,0.9512195121951219,0.986784140969163,0.04878048780487805,0.013215859030837005,0.9742857142857143,0.9690018265821425,0.9512195121951219,0.9512195121951219,0.943089430894309,0.9823788546255506,0.056910569105691054,0.01762114537444934,0.9685714285714285,0.9627341427599299,0.943089430894309,0.943089430894309,
breast-cancer-wisc-diag.arff,569,31,0.5506329113924051,0.0,0.44936708860759494,1.0,0.30526315789473685,0.27531645569620256,0.5506329113924051,0.8317757009345794,0.7540983606557377,0.0,0.2459016393442623,1.0,0.32280701754385965,0.3770491803278688,0.7540983606557377,0.7540983606557377,0.8165137614678899,0.0,0.1834862385321101,1.0,0.312280701754386,0.40825688073394495,0.8165137614678899,0.81651376146789,0.06936416184971098,0.0,0.930635838150289,1.0,0.042105263157894736,0.03468208092485549,0.06936416184971098,0.06936416184971098,0.06936416184971098,0.0,0.930635838150289,1.0,0.042105263157894736,0.03468208092485549,0.06936416184971098,0.06936416184971098,0.8317757009345794,0.0,0.16822429906542055,1.0,0.312280701754386,0.4158878504672897,0.8317757009345794,0.0,0.8518518518518519,0.0,0.14814814814814814,1.0,0.32280701754385965,0.42592592592592593,0.8518518518518519,0.8518518518518519,0.8165137614678899,0.0,0.1834862385321101,1.0,0.312280701754386,0.40825688073394495,0.8165137614678899,0.81651376146789,0.06857142857142857,0.0,0.9314285714285714,1.0,0.042105263157894736,0.03428571428571429,0.06857142857142857,0.06857142857142857,0.06857142857142857,0.0,0.9314285714285714,1.0,0.042105263157894736,0.03428571428571429,0.06857142857142857,0.06857142857142857,0.8425925925925926,0.0,0.1574074074074074,1.0,0.3192982456140351,0.4212962962962963,0.8425925925925926,0.8425925925925926,0.8425925925925926,0.0,0.1574074074074074,1.0,0.3192982456140351,0.4212962962962963,0.8425925925925926,0.8425925925925926,0.9186046511627907,0.8793969849246231,0.08139534883720931,0.12060301507537688,0.8912280701754386,0.8990008180437069,0.9186046511627907,0.9186046511627907,0.8125,0.930635838150289,0.1875,0.06936416184971098,0.8842105263157894,0.8715679190751445,0.8125,0.8125,0.8679245283018868,0.9385474860335196,0.1320754716981132,0.061452513966480445,0.9122807017543859,0.9032360071677032,0.8679245283018868,0.8679245283018869,
breast-cancer-wisc-prog.arff,198,34,0.30612244897959184,0.0,0.6938775510204082,1.0,0.15,0.15306122448979592,0.30612244897959184,0.24561403508771928,0.2553191489361702,0.0,0.7446808510638298,1.0,0.12,0.1276595744680851,0.2553191489361702,0.2553191489361702,0.2413793103448276,0.0,0.7586206896551724,1.0,0.14,0.1206896551724138,0.2413793103448276,0.2413793103448276,0.3,0.0,0.7,1.0,0.15,0.15,0.3,0.3,0.30612244897959184,0.0,0.6938775510204082,1.0,0.15,0.15306122448979592,0.30612244897959184,0.30612244897959184,0.24561403508771928,0.0,0.7543859649122807,1.0,0.14,0.12280701754385964,0.24561403508771928,0.0,0.27450980392156865,0.0,0.7254901960784313,1.0,0.14,0.13725490196078433,0.27450980392156865,0.27450980392156865,0.2413793103448276,0.0,0.7586206896551724,1.0,0.14,0.1206896551724138,0.2413793103448276,0.2413793103448276,0.2727272727272727,0.0,0.7272727272727273,1.0,0.15,0.13636363636363635,0.2727272727272727,0.2727272727272727,0.2553191489361702,0.0,0.7446808510638298,1.0,0.12,0.1276595744680851,0.2553191489361702,0.2553191489361702,0.36,0.0,0.64,1.0,0.18,0.18,0.36,0.36,0.36,0.0,0.64,1.0,0.18,0.18,0.36,0.36,0.25925925925925924,0.7391304347826086,0.7407407407407407,0.2608695652173913,0.48,0.499194847020934,0.25925925925925924,0.25925925925925924,0.2777777777777778,0.7608695652173914,0.7222222222222222,0.2391304347826087,0.5,0.5193236714975846,0.2777777777777778,0.2777777777777778,0.28846153846153844,0.7708333333333334,0.7115384615384616,0.22916666666666666,0.52,0.5296474358974359,0.28846153846153844,0.28846153846153844,
chess-krvkp.arff,3196,37,0.6390243902439025,0.0,0.36097560975609755,1.0,0.32770481550969355,0.3195121951219512,0.6390243902439025,0.46293706293706294,0.7089151450053706,0.0,0.29108485499462944,1.0,0.41275797373358347,0.3544575725026853,0.7089151450053706,0.7089151450053706,0.46218487394957986,0.0,0.5378151260504201,1.0,0.20637898686679174,0.23109243697478993,0.46218487394957986,0.46218487394957986,0.6746987951807228,0.0,0.3253012048192771,1.0,0.3151969981238274,0.3373493975903614,0.6746987951807228,0.6746987951807228,0.6746987951807228,0.0,0.3253012048192771,1.0,0.3151969981238274,0.3373493975903614,0.6746987951807228,0.6746987951807228,0.46293706293706294,0.0,0.5370629370629371,1.0,0.20700437773608504,0.23146853146853147,0.46293706293706294,0.0,0.658311345646438,0.0,0.341688654353562,1.0,0.31207004377736086,0.329155672823219,0.658311345646438,0.658311345646438,0.658311345646438,0.0,0.341688654353562,1.0,0.31207004377736086,0.329155672823219,0.658311345646438,0.658311345646438,0.6458885941644562,0.0,0.3541114058355438,1.0,0.30456535334584117,0.3229442970822281,0.6458885941644562,0.6458885941644562,0.6458885941644562,0.0,0.3541114058355438,1.0,0.30456535334584117,0.3229442970822281,0.6458885941644562,0.6458885941644562,0.6446499339498019,0.0,0.35535006605019814,1.0,0.3051907442151345,0.32232496697490093,0.6446499339498019,0.6446499339498019,0.6446499339498019,0.0,0.35535006605019814,1.0,0.3051907442151345,0.32232496697490093,0.6446499339498019,0.6446499339498019,0.7578008915304606,0.6468682505399568,0.24219910846953938,0.3531317494600432,0.6935584740462789,0.7023345710352087,0.7578008915304606,0.7578008915304607,0.654228855721393,0.6088050314465409,0.34577114427860695,0.39119496855345914,0.6316447779862414,0.6315169435839669,0.654228855721393,0.654228855721393,0.7218390804597701,0.7133058984910837,0.27816091954022987,0.28669410150891633,0.717948717948718,0.717572489475427,0.7218390804597701,0.7218390804597701,
congressional-voting.arff,435,17,0.35135135135135137,0.0,0.6486486486486487,1.0,0.05963302752293578,0.17567567567567569,0.35135135135135137,0.2923076923076923,0.4217687074829932,0.0,0.5782312925170068,1.0,0.28440366972477066,0.2108843537414966,0.4217687074829932,0.4217687074829932,0.2923076923076923,0.0,0.7076923076923077,1.0,0.0871559633027523,0.14615384615384616,0.2923076923076923,0.2923076923076923,0.3055555555555556,0.0,0.6944444444444444,1.0,0.10091743119266056,0.1527777777777778,0.3055555555555556,0.3055555555555556,0.3055555555555556,0.0,0.6944444444444444,1.0,0.10091743119266056,0.1527777777777778,0.3055555555555556,0.3055555555555556,0.2923076923076923,0.0,0.7076923076923077,1.0,0.0871559633027523,0.14615384615384616,0.2923076923076923,0.0,0.32,0.0,0.68,1.0,0.11009174311926606,0.16,0.32,0.32,0.32,0.0,0.68,1.0,0.11009174311926606,0.16,0.32,0.32,0.4405594405594406,0.0,0.5594405594405595,1.0,0.2889908256880734,0.2202797202797203,0.4405594405594406,0.4405594405594405,0.4405594405594406,0.0,0.5594405594405595,1.0,0.2889908256880734,0.2202797202797203,0.4405594405594406,0.4405594405594405,0.3157894736842105,0.0,0.6842105263157895,1.0,0.08256880733944955,0.15789473684210525,0.3157894736842105,0.3157894736842105,0.3157894736842105,0.0,0.6842105263157895,1.0,0.08256880733944955,0.15789473684210525,0.3157894736842105,0.3157894736842105,0.4161073825503356,0.6811594202898551,0.5838926174496645,0.3188405797101449,0.5,0.5486334014200953,0.4161073825503356,0.4161073825503356,0.42857142857142855,0.6272189349112426,0.5714285714285714,0.3727810650887574,0.5825688073394495,0.5278951817413355,0.42857142857142855,0.42857142857142855,0.4,0.7777777777777778,0.6,0.2222222222222222,0.43119266055045874,0.5888888888888889,0.4,0.4000000000000001,
conn-bench-sonar-mines-rocks.arff,208,61,0.6875,0.0,0.3125,1.0,0.3142857142857143,0.34375,0.6875,0.3653846153846153,0.6521739130434783,0.0,0.34782608695652173,1.0,0.2857142857142857,0.32608695652173914,0.6521739130434783,0.6521739130434783,0.38,0.0,0.62,1.0,0.18095238095238095,0.19,0.38,0.38,0.58,0.0,0.42,1.0,0.2761904761904762,0.29,0.58,0.58,0.58,0.0,0.42,1.0,0.2761904761904762,0.29,0.58,0.58,0.36538461538461536,0.0,0.6346153846153846,1.0,0.18095238095238095,0.18269230769230768,0.36538461538461536,0.0,0.6875,0.0,0.3125,1.0,0.3142857142857143,0.34375,0.6875,0.6875,0.6875,0.0,0.3125,1.0,0.3142857142857143,0.34375,0.6875,0.6875,0.6363636363636364,0.0,0.36363636363636365,1.0,0.3333333333333333,0.3181818181818182,0.6363636363636364,0.6363636363636364,0.6363636363636364,0.0,0.36363636363636365,1.0,0.3333333333333333,0.3181818181818182,0.6363636363636364,0.6363636363636364,0.6415094339622641,0.0,0.3584905660377358,1.0,0.3238095238095238,0.32075471698113206,0.6415094339622641,0.6415094339622641,0.6415094339622641,0.0,0.3584905660377358,1.0,0.3238095238095238,0.32075471698113206,0.6415094339622641,0.6415094339622641,0.631578947368421,0.5970149253731343,0.3684210526315789,0.40298507462686567,0.6095238095238096,0.6142969363707776,0.631578947368421,0.631578947368421,0.6444444444444445,0.6333333333333333,0.35555555555555557,0.36666666666666664,0.638095238095238,0.6388888888888888,0.6444444444444445,0.6444444444444445,0.6956521739130435,0.6779661016949152,0.30434782608695654,0.3220338983050847,0.6857142857142857,0.6868091378039793,0.6956521739130435,0.6956521739130435,
credit-approval.arff,690,16,0.712707182320442,0.0,0.287292817679558,1.0,0.37283236994219654,0.356353591160221,0.712707182320442,0.6196319018404908,0.8105263157894737,0.0,0.18947368421052632,1.0,0.44508670520231214,0.4052631578947368,0.8105263157894737,0.8105263157894737,0.6073619631901841,0.0,0.39263803680981596,1.0,0.2861271676300578,0.30368098159509205,0.6073619631901841,0.6073619631901841,0.6993464052287581,0.0,0.3006535947712418,1.0,0.3092485549132948,0.34967320261437906,0.6993464052287581,0.6993464052287581,0.6993464052287581,0.0,0.3006535947712418,1.0,0.3092485549132948,0.34967320261437906,0.6993464052287581,0.6993464052287581,0.6196319018404908,0.0,0.3803680981595092,1.0,0.29190751445086704,0.3098159509202454,0.6196319018404908,0.0,0.7777777777777778,0.0,0.2222222222222222,1.0,0.3439306358381503,0.3888888888888889,0.7777777777777778,0.7777777777777778,0.6073619631901841,0.0,0.39263803680981596,1.0,0.2861271676300578,0.30368098159509205,0.6073619631901841,0.6073619631901841,0.8032786885245902,0.0,0.19672131147540983,1.0,0.42485549132947975,0.4016393442622951,0.8032786885245902,0.8032786885245902,0.8032786885245902,0.0,0.19672131147540983,1.0,0.42485549132947975,0.4016393442622951,0.8032786885245902,0.8032786885245902,0.8076923076923077,0.0,0.19230769230769232,1.0,0.42485549132947975,0.40384615384615385,0.8076923076923077,0.8076923076923077,0.8076923076923077,0.0,0.19230769230769232,1.0,0.42485549132947975,0.40384615384615385,0.8076923076923077,0.8076923076923077,0.7697841726618705,0.6135265700483091,0.2302158273381295,0.3864734299516908,0.6763005780346821,0.6916553713550898,0.7697841726618705,0.7697841726618704,0.8068965517241379,0.6517412935323383,0.19310344827586207,0.3482587064676617,0.7167630057803468,0.7293189226282382,0.8068965517241379,0.8068965517241379,0.8181818181818182,0.6088888888888889,0.18181818181818182,0.39111111111111113,0.6820809248554913,0.7135353535353536,0.8181818181818182,0.8181818181818182,
cylinder-bands.arff,512,36,0.6912751677852349,0.0,0.3087248322147651,1.0,0.40077821011673154,0.34563758389261745,0.6912751677852349,0.6825396825396826,0.7,0.0,0.3,1.0,0.38132295719844356,0.35,0.7,0.7,0.6935483870967742,0.0,0.3064516129032258,1.0,0.3346303501945525,0.3467741935483871,0.6935483870967742,0.6935483870967742,0.6370967741935484,0.0,0.3629032258064516,1.0,0.30739299610894943,0.3185483870967742,0.6370967741935484,0.6370967741935484,0.6370967741935484,0.0,0.3629032258064516,1.0,0.30739299610894943,0.3185483870967742,0.6370967741935484,0.6370967741935484,0.6825396825396826,0.0,0.31746031746031744,1.0,0.3346303501945525,0.3412698412698413,0.6825396825396826,0.0,0.6666666666666666,0.0,0.3333333333333333,1.0,0.311284046692607,0.3333333333333333,0.6666666666666666,0.6666666666666666,0.6935483870967742,0.0,0.3064516129032258,1.0,0.3346303501945525,0.3467741935483871,0.6935483870967742,0.6935483870967742,0.6557377049180327,0.0,0.3442622950819672,1.0,0.311284046692607,0.32786885245901637,0.6557377049180327,0.6557377049180327,0.6557377049180327,0.0,0.3442622950819672,1.0,0.311284046692607,0.32786885245901637,0.6557377049180327,0.6557377049180327,0.6416666666666667,0.0,0.35833333333333334,1.0,0.29961089494163423,0.32083333333333336,0.6416666666666667,0.6416666666666667,0.6416666666666667,0.0,0.35833333333333334,1.0,0.29961089494163423,0.32083333333333336,0.6416666666666667,0.6416666666666667,0.7222222222222222,0.4550898203592814,0.2777777777777778,0.5449101796407185,0.5486381322957199,0.5886560212907518,0.7222222222222222,0.7222222222222222,0.6386554621848739,0.42028985507246375,0.36134453781512604,0.5797101449275363,0.5214007782101168,0.5294726586286689,0.6386554621848739,0.6386554621848739,0.6875,0.45517241379310347,0.3125,0.5448275862068965,0.556420233463035,0.5713362068965517,0.6875,0.6875,
echocardiogram.arff,131,11,0.4482758620689655,0.0,0.5517241379310345,1.0,0.19696969696969696,0.22413793103448276,0.4482758620689655,0.47058823529411764,0.39285714285714285,0.0,0.6071428571428571,1.0,0.16666666666666666,0.19642857142857142,0.39285714285714285,0.39285714285714285,0.47058823529411764,0.0,0.5294117647058824,1.0,0.24242424242424243,0.23529411764705882,0.47058823529411764,0.47058823529411764,0.5909090909090909,0.0,0.4090909090909091,1.0,0.19696969696969696,0.29545454545454547,0.5909090909090909,0.5909090909090909,0.4482758620689655,0.0,0.5517241379310345,1.0,0.19696969696969696,0.22413793103448276,0.4482758620689655,0.4482758620689655,0.47058823529411764,0.0,0.5294117647058824,1.0,0.24242424242424243,0.23529411764705882,0.47058823529411764,0.0,0.56,0.0,0.44,1.0,0.21212121212121213,0.28,0.56,0.56,0.56,0.0,0.44,1.0,0.21212121212121213,0.28,0.56,0.56,0.21621621621621623,0.0,0.7837837837837838,1.0,0.12121212121212122,0.10810810810810811,0.21621621621621623,0.21621621621621623,0.39285714285714285,0.0,0.6071428571428571,1.0,0.16666666666666666,0.19642857142857142,0.39285714285714285,0.39285714285714285,0.4444444444444444,0.0,0.5555555555555556,1.0,0.18181818181818182,0.2222222222222222,0.4444444444444444,0.4444444444444444,0.4444444444444444,0.0,0.5555555555555556,1.0,0.18181818181818182,0.2222222222222222,0.4444444444444444,0.4444444444444444,0.7647058823529411,0.8979591836734694,0.23529411764705882,0.10204081632653061,0.8636363636363636,0.8313325330132053,0.7647058823529411,0.7647058823529412,0.6666666666666666,0.9111111111111111,0.3333333333333333,0.08888888888888889,0.8333333333333334,0.7888888888888889,0.6666666666666666,0.6666666666666666,0.5454545454545454,0.8636363636363636,0.45454545454545453,0.13636363636363635,0.7575757575757576,0.7045454545454546,0.5454545454545454,0.5454545454545454,
fertility.arff,100,10,0.16666666666666666,0.0,0.8333333333333334,1.0,0.09803921568627451,0.08333333333333333,0.16666666666666666,0.08333333333333333,0.0,0.0,1.0,1.0,0.0,0.0,0.0,NaN,0.08,0.0,0.92,1.0,0.0392156862745098,0.04,0.08,0.08,0.14285714285714285,0.0,0.8571428571428571,1.0,0.0784313725490196,0.07142857142857142,0.14285714285714285,0.14285714285714285,0.16666666666666666,0.0,0.8333333333333334,1.0,0.09803921568627451,0.08333333333333333,0.16666666666666666,0.16666666666666666,0.08333333333333333,0.0,0.9166666666666666,1.0,0.0392156862745098,0.041666666666666664,0.08333333333333333,0.0,0.12903225806451613,0.0,0.8709677419354839,1.0,0.0784313725490196,0.06451612903225806,0.12903225806451613,0.12903225806451613,0.08,0.0,0.92,1.0,0.0392156862745098,0.04,0.08,0.08,0.1724137931034483,0.0,0.8275862068965517,1.0,0.09803921568627451,0.08620689655172414,0.1724137931034483,0.1724137931034483,0.0,0.0,1.0,1.0,0.0,0.0,0.0,NaN,0.14285714285714285,0.0,0.8571428571428571,1.0,0.0784313725490196,0.07142857142857142,0.14285714285714285,0.14285714285714285,0.14285714285714285,0.0,0.8571428571428571,1.0,0.0784313725490196,0.07142857142857142,0.14285714285714285,0.14285714285714285,0.1,0.9032258064516129,0.9,0.0967741935483871,0.5882352941176471,0.5016129032258064,0.1,0.10000000000000002,0.034482758620689655,0.8181818181818182,0.9655172413793104,0.18181818181818182,0.37254901960784315,0.4263322884012539,0.034482758620689655,0.034482758620689655,0.047619047619047616,0.8666666666666667,0.9523809523809523,0.13333333333333333,0.5294117647058824,0.4571428571428572,0.047619047619047616,0.047619047619047616,
haberman-survival.arff,306,4,0.2413793103448276,0.0,0.7586206896551724,1.0,0.13636363636363635,0.1206896551724138,0.2413793103448276,0.3793103448275862,0.3194444444444444,0.0,0.6805555555555556,1.0,0.14935064935064934,0.1597222222222222,0.3194444444444444,0.3194444444444444,0.3709677419354839,0.0,0.6290322580645161,1.0,0.14935064935064934,0.18548387096774194,0.3709677419354839,0.3709677419354839,0.2602739726027397,0.0,0.7397260273972602,1.0,0.12337662337662338,0.13013698630136986,0.2602739726027397,0.2602739726027397,0.2602739726027397,0.0,0.7397260273972602,1.0,0.12337662337662338,0.13013698630136986,0.2602739726027397,0.2602739726027397,0.3793103448275862,0.0,0.6206896551724138,1.0,0.14285714285714285,0.1896551724137931,0.3793103448275862,0.0,0.24,0.0,0.76,1.0,0.11688311688311688,0.12,0.24,0.24,0.3709677419354839,0.0,0.6290322580645161,1.0,0.14935064935064934,0.18548387096774194,0.3709677419354839,0.3709677419354839,0.24358974358974358,0.0,0.7564102564102564,1.0,0.12337662337662338,0.12179487179487179,0.24358974358974358,0.24358974358974358,0.24358974358974358,0.0,0.7564102564102564,1.0,0.12337662337662338,0.12179487179487179,0.24358974358974358,0.24358974358974358,0.2465753424657534,0.0,0.7534246575342466,1.0,0.11688311688311688,0.1232876712328767,0.2465753424657534,0.2465753424657534,0.2465753424657534,0.0,0.7534246575342466,1.0,0.11688311688311688,0.1232876712328767,0.2465753424657534,0.2465753424657534,0.2604166666666667,0.7068965517241379,0.7395833333333334,0.29310344827586204,0.42857142857142855,0.4836566091954023,0.2604166666666667,0.2604166666666667,0.34375,0.7777777777777778,0.65625,0.2222222222222222,0.5974025974025974,0.5607638888888888,0.34375,0.34375,0.3076923076923077,0.7777777777777778,0.6923076923076923,0.2222222222222222,0.5,0.5427350427350428,0.3076923076923077,0.3076923076923077,
heart-hungarian.arff,294,13,0.379746835443038,0.0,0.620253164556962,1.0,0.20270270270270271,0.189873417721519,0.379746835443038,0.734375,0.5121951219512195,0.0,0.4878048780487805,1.0,0.28378378378378377,0.25609756097560976,0.5121951219512195,0.5121951219512195,0.7230769230769231,0.0,0.27692307692307694,1.0,0.31756756756756754,0.36153846153846153,0.7230769230769231,0.723076923076923,0.12790697674418605,0.0,0.872093023255814,1.0,0.07432432432432433,0.06395348837209303,0.12790697674418605,0.12790697674418605,0.12790697674418605,0.0,0.872093023255814,1.0,0.07432432432432433,0.06395348837209303,0.12790697674418605,0.12790697674418605,0.734375,0.0,0.265625,1.0,0.31756756756756754,0.3671875,0.734375,0.0,0.8148148148148148,0.0,0.18518518518518517,1.0,0.2972972972972973,0.4074074074074074,0.8148148148148148,0.8148148148148148,0.7230769230769231,0.0,0.27692307692307694,1.0,0.31756756756756754,0.36153846153846153,0.7230769230769231,0.723076923076923,0.1348314606741573,0.0,0.8651685393258427,1.0,0.08108108108108109,0.06741573033707865,0.1348314606741573,0.1348314606741573,0.1348314606741573,0.0,0.8651685393258427,1.0,0.08108108108108109,0.06741573033707865,0.1348314606741573,0.1348314606741573,0.13186813186813187,0.0,0.8681318681318682,1.0,0.08108108108108109,0.06593406593406594,0.13186813186813187,0.13186813186813187,0.13186813186813187,0.0,0.8681318681318682,1.0,0.08108108108108109,0.06593406593406594,0.13186813186813187,0.13186813186813187,0.8163265306122449,0.8181818181818182,0.1836734693877551,0.18181818181818182,0.8175675675675675,0.8172541743970316,0.8163265306122449,0.8163265306122449,0.8,0.8494623655913979,0.2,0.15053763440860216,0.831081081081081,0.8247311827956989,0.8,0.8000000000000002,0.8,0.8494623655913979,0.2,0.15053763440860216,0.831081081081081,0.8247311827956989,0.8,0.8000000000000002,
hepatitis.arff,155,20,0.875,0.0,0.125,1.0,0.44871794871794873,0.4375,0.875,0.9285714285714286,0.8444444444444444,0.0,0.15555555555555556,1.0,0.48717948717948717,0.4222222222222222,0.8444444444444444,0.8444444444444444,0.9285714285714286,0.0,0.07142857142857142,1.0,0.5,0.4642857142857143,0.9285714285714286,0.9285714285714286,0.9130434782608695,0.0,0.08695652173913043,1.0,0.5384615384615384,0.45652173913043476,0.9130434782608695,0.9130434782608695,0.9130434782608695,0.0,0.08695652173913043,1.0,0.5384615384615384,0.45652173913043476,0.9130434782608695,0.9130434782608695,0.9285714285714286,0.0,0.07142857142857142,1.0,0.5,0.4642857142857143,0.9285714285714286,0.0,0.8863636363636364,0.0,0.11363636363636363,1.0,0.5,0.4431818181818182,0.8863636363636364,0.8863636363636365,0.9285714285714286,0.0,0.07142857142857142,1.0,0.5,0.4642857142857143,0.9285714285714286,0.9285714285714286,0.9361702127659575,0.0,0.06382978723404255,1.0,0.5641025641025641,0.46808510638297873,0.9361702127659575,0.9361702127659575,0.9361702127659575,0.0,0.06382978723404255,1.0,0.5641025641025641,0.46808510638297873,0.9361702127659575,0.9361702127659575,0.9148936170212766,0.0,0.0851063829787234,1.0,0.5512820512820513,0.4574468085106383,0.9148936170212766,0.9148936170212766,0.9148936170212766,0.0,0.0851063829787234,1.0,0.5512820512820513,0.4574468085106383,0.9148936170212766,0.9148936170212766,0.9347826086956522,0.375,0.06521739130434782,0.625,0.7051282051282052,0.6548913043478262,0.9347826086956522,0.9347826086956522,0.9230769230769231,0.4230769230769231,0.07692307692307693,0.5769230769230769,0.7564102564102564,0.6730769230769231,0.9230769230769231,0.9230769230769231,0.94,0.42857142857142855,0.06,0.5714285714285714,0.7564102564102564,0.6842857142857143,0.94,0.94,
hill-valley.arff,1212,101,0.5657894736842105,0.0,0.4342105263157895,1.0,0.2833607907742998,0.28289473684210525,0.5657894736842105,0.5040871934604905,0.7689243027888446,0.0,0.23107569721115537,1.0,0.31795716639209226,0.3844621513944223,0.7689243027888446,0.7689243027888446,0.5584415584415584,0.0,0.44155844155844154,1.0,0.2833607907742998,0.2792207792207792,0.5584415584415584,0.5584415584415584,0.5040871934604905,0.0,0.49591280653950953,1.0,0.30477759472817134,0.25204359673024523,0.5040871934604905,0.5040871934604905,0.5657894736842105,0.0,0.4342105263157895,1.0,0.2833607907742998,0.28289473684210525,0.5657894736842105,0.5657894736842105,0.5040871934604905,0.0,0.49591280653950953,1.0,0.30477759472817134,0.25204359673024523,0.5040871934604905,0.0,0.5040871934604905,0.0,0.49591280653950953,1.0,0.30477759472817134,0.25204359673024523,0.5040871934604905,0.5040871934604905,0.5584415584415584,0.0,0.44155844155844154,1.0,0.2833607907742998,0.2792207792207792,0.5584415584415584,0.5584415584415584,0.5040871934604905,0.0,0.49591280653950953,1.0,0.30477759472817134,0.25204359673024523,0.5040871934604905,0.5040871934604905,0.7689243027888446,0.0,0.23107569721115537,1.0,0.31795716639209226,0.3844621513944223,0.7689243027888446,0.7689243027888446,0.5291666666666667,0.0,0.4708333333333333,1.0,0.20922570016474465,0.26458333333333334,0.5291666666666667,0.5291666666666667,0.5291666666666667,0.0,0.4708333333333333,1.0,0.20922570016474465,0.26458333333333334,0.5291666666666667,0.5291666666666667,0.5040871934604905,0.4708333333333333,0.49591280653950953,0.5291666666666667,0.49093904448105435,0.4874602633969119,0.5040871934604905,0.5040871934604905,0.5040871934604905,0.4708333333333333,0.49591280653950953,0.5291666666666667,0.49093904448105435,0.4874602633969119,0.5040871934604905,0.5040871934604905,0.5040871934604905,0.4708333333333333,0.49591280653950953,0.5291666666666667,0.49093904448105435,0.4874602633969119,0.5040871934604905,0.5040871934604905,
horse-colic.arff,368,26,0.45098039215686275,0.0,0.5490196078431373,1.0,0.24864864864864866,0.22549019607843138,0.45098039215686275,0.2734375,0.4594594594594595,0.0,0.5405405405405406,1.0,0.2756756756756757,0.22972972972972974,0.4594594594594595,0.4594594594594595,0.30578512396694213,0.0,0.6942148760330579,1.0,0.2,0.15289256198347106,0.30578512396694213,0.30578512396694213,0.30985915492957744,0.0,0.6901408450704225,1.0,0.11891891891891893,0.15492957746478872,0.30985915492957744,0.30985915492957744,0.45098039215686275,0.0,0.5490196078431373,1.0,0.24864864864864866,0.22549019607843138,0.45098039215686275,0.45098039215686275,0.2734375,0.0,0.7265625,1.0,0.1891891891891892,0.13671875,0.2734375,0.0,0.30985915492957744,0.0,0.6901408450704225,1.0,0.11891891891891893,0.15492957746478872,0.30985915492957744,0.30985915492957744,0.30578512396694213,0.0,0.6942148760330579,1.0,0.2,0.15289256198347106,0.30578512396694213,0.30578512396694213,0.6119402985074627,0.0,0.3880597014925373,1.0,0.22162162162162163,0.30597014925373134,0.6119402985074627,0.6119402985074627,0.4594594594594595,0.0,0.5405405405405406,1.0,0.2756756756756757,0.22972972972972974,0.4594594594594595,0.4594594594594595,0.6086956521739131,0.0,0.391304347826087,1.0,0.22702702702702704,0.30434782608695654,0.6086956521739131,0.6086956521739131,0.6086956521739131,0.0,0.391304347826087,1.0,0.22702702702702704,0.30434782608695654,0.6086956521739131,0.6086956521739131,0.3,0.5529411764705883,0.7,0.4470588235294118,0.41621621621621624,0.42647058823529416,0.3,0.3,0.34831460674157305,0.6145833333333334,0.651685393258427,0.3854166666666667,0.4864864864864865,0.48144897003745324,0.34831460674157305,0.34831460674157305,0.38961038961038963,0.6481481481481481,0.6103896103896104,0.35185185185185186,0.5405405405405406,0.5188792688792689,0.38961038961038963,0.38961038961038963,
ilpd-indian-liver.arff,583,10,0.3103448275862069,0.0,0.6896551724137931,1.0,0.18493150684931506,0.15517241379310345,0.3103448275862069,0.1885245901639344,0.25477707006369427,0.0,0.7452229299363057,1.0,0.136986301369863,0.12738853503184713,0.25477707006369427,0.25477707006369427,0.1984126984126984,0.0,0.8015873015873016,1.0,0.08561643835616438,0.0992063492063492,0.1984126984126984,0.1984126984126984,0.24528301886792453,0.0,0.7547169811320755,1.0,0.13356164383561644,0.12264150943396226,0.24528301886792453,0.24528301886792453,0.3103448275862069,0.0,0.6896551724137931,1.0,0.18493150684931506,0.15517241379310345,0.3103448275862069,0.3103448275862069,0.1885245901639344,0.0,0.8114754098360656,1.0,0.07876712328767123,0.0942622950819672,0.1885245901639344,0.0,0.16546762589928057,0.0,0.8345323741007195,1.0,0.07876712328767123,0.08273381294964029,0.16546762589928057,0.16546762589928057,0.16546762589928057,0.0,0.8345323741007195,1.0,0.07876712328767123,0.08273381294964029,0.16546762589928057,0.16546762589928057,0.38461538461538464,0.0,0.6153846153846154,1.0,0.23972602739726026,0.19230769230769232,0.38461538461538464,0.38461538461538464,0.25477707006369427,0.0,0.7452229299363057,1.0,0.136986301369863,0.12738853503184713,0.25477707006369427,0.25477707006369427,0.37894736842105264,0.0,0.6210526315789474,1.0,0.2465753424657534,0.18947368421052632,0.37894736842105264,0.37894736842105264,0.37894736842105264,0.0,0.6210526315789474,1.0,0.2465753424657534,0.18947368421052632,0.37894736842105264,0.37894736842105264,0.02666666666666667,0.6451612903225806,0.9733333333333334,0.3548387096774194,0.4863013698630137,0.3359139784946236,0.02666666666666667,0.026666666666666672,0.24778761061946902,0.7150837988826816,0.7522123893805309,0.2849162011173184,0.5342465753424658,0.48143570475107533,0.24778761061946902,0.24778761061946902,0.36764705882352944,0.8141025641025641,0.6323529411764706,0.1858974358974359,0.6061643835616438,0.5908748114630468,0.36764705882352944,0.3676470588235295,
ionosphere.arff,351,34,0.872093023255814,0.0,0.12790697674418605,1.0,0.42613636363636365,0.436046511627907,0.872093023255814,0.8295454545454547,0.7614678899082569,0.0,0.23853211009174313,1.0,0.4715909090909091,0.38073394495412843,0.7614678899082569,0.7614678899082569,0.8295454545454546,0.0,0.17045454545454544,1.0,0.4147727272727273,0.4147727272727273,0.8295454545454546,0.8295454545454547,0.8426966292134831,0.0,0.15730337078651685,1.0,0.42613636363636365,0.42134831460674155,0.8426966292134831,0.842696629213483,0.8426966292134831,0.0,0.15730337078651685,1.0,0.42613636363636365,0.42134831460674155,0.8426966292134831,0.842696629213483,0.8295454545454546,0.0,0.17045454545454544,1.0,0.4147727272727273,0.4147727272727273,0.8295454545454546,0.0,0.6515151515151515,0.0,0.3484848484848485,1.0,0.24431818181818182,0.32575757575757575,0.6515151515151515,0.6515151515151515,0.6515151515151515,0.0,0.3484848484848485,1.0,0.24431818181818182,0.32575757575757575,0.6515151515151515,0.6515151515151515,0.8333333333333334,0.0,0.16666666666666666,1.0,0.42613636363636365,0.4166666666666667,0.8333333333333334,0.8333333333333334,0.8333333333333334,0.0,0.16666666666666666,1.0,0.42613636363636365,0.4166666666666667,0.8333333333333334,0.8333333333333334,0.8314606741573034,0.0,0.16853932584269662,1.0,0.42045454545454547,0.4157303370786517,0.8314606741573034,0.8314606741573034,0.8314606741573034,0.0,0.16853932584269662,1.0,0.42045454545454547,0.4157303370786517,0.8314606741573034,0.8314606741573034,0.8555555555555555,0.5581395348837209,0.14444444444444443,0.4418604651162791,0.7102272727272727,0.7068475452196382,0.8555555555555555,0.8555555555555555,0.8620689655172413,0.550561797752809,0.13793103448275862,0.449438202247191,0.7045454545454546,0.7063153816350252,0.8620689655172413,0.8620689655172413,0.8444444444444444,0.5465116279069767,0.15555555555555556,0.45348837209302323,0.6988636363636364,0.6954780361757106,0.8444444444444444,0.8444444444444444,
mammographic.arff,961,6,0.6772908366533864,0.0,0.32270916334661354,1.0,0.35343035343035345,0.3386454183266932,0.6772908366533864,0.7178423236514523,0.4673913043478261,0.0,0.532608695652174,1.0,0.3575883575883576,0.23369565217391305,0.4673913043478261,0.4673913043478261,0.7178423236514523,0.0,0.2821576763485477,1.0,0.3596673596673597,0.35892116182572614,0.7178423236514523,0.7178423236514523,0.19823788546255505,0.0,0.801762114537445,1.0,0.09355509355509356,0.09911894273127753,0.19823788546255505,0.19823788546255505,0.6772908366533864,0.0,0.32270916334661354,1.0,0.35343035343035345,0.3386454183266932,0.6772908366533864,0.6772908366533864,0.7178423236514523,0.0,0.2821576763485477,1.0,0.3596673596673597,0.35892116182572614,0.7178423236514523,0.0,0.22707423580786026,0.0,0.7729257641921398,1.0,0.10810810810810811,0.11353711790393013,0.22707423580786026,0.22707423580786026,0.22707423580786026,0.0,0.7729257641921398,1.0,0.10810810810810811,0.11353711790393013,0.22707423580786026,0.22707423580786026,0.18421052631578946,0.0,0.8157894736842105,1.0,0.08731808731808732,0.09210526315789473,0.18421052631578946,0.18421052631578946,0.4673913043478261,0.0,0.532608695652174,1.0,0.3575883575883576,0.23369565217391305,0.4673913043478261,0.4673913043478261,0.22666666666666666,0.0,0.7733333333333333,1.0,0.10602910602910603,0.11333333333333333,0.22666666666666666,0.22666666666666666,0.22666666666666666,0.0,0.7733333333333333,1.0,0.10602910602910603,0.11333333333333333,0.22666666666666666,0.22666666666666666,0.7372881355932204,0.8408163265306122,0.2627118644067797,0.15918367346938775,0.7900207900207901,0.7890522310619164,0.7372881355932204,0.7372881355932204,0.7370517928286853,0.8782608695652174,0.26294820717131473,0.12173913043478261,0.8045738045738046,0.8076563311969513,0.7370517928286853,0.7370517928286853,0.7302904564315352,0.8458333333333333,0.2697095435684647,0.15416666666666667,0.7879417879417879,0.7880618948824343,0.7302904564315352,0.7302904564315352,
molec-biol-promoter.arff,106,58,0.7058823529411765,0.0,0.29411764705882354,1.0,0.2222222222222222,0.35294117647058826,0.7058823529411765,0.5714285714285714,0.7777777777777778,0.0,0.2222222222222222,1.0,0.3888888888888889,0.3888888888888889,0.7777777777777778,0.7777777777777778,0.5714285714285714,0.0,0.42857142857142855,1.0,0.2962962962962963,0.2857142857142857,0.5714285714285714,0.5714285714285714,0.55,0.0,0.45,1.0,0.2037037037037037,0.275,0.55,0.55,0.7058823529411765,0.0,0.29411764705882354,1.0,0.2222222222222222,0.35294117647058826,0.7058823529411765,0.7058823529411765,0.5714285714285714,0.0,0.42857142857142855,1.0,0.2962962962962963,0.2857142857142857,0.5714285714285714,0.0,0.631578947368421,0.0,0.3684210526315789,1.0,0.2222222222222222,0.3157894736842105,0.631578947368421,0.631578947368421,0.5714285714285714,0.0,0.42857142857142855,1.0,0.2962962962962963,0.2857142857142857,0.5714285714285714,0.5714285714285714,0.7692307692307693,0.0,0.23076923076923078,1.0,0.37037037037037035,0.38461538461538464,0.7692307692307693,0.7692307692307693,0.7777777777777778,0.0,0.2222222222222222,1.0,0.3888888888888889,0.3888888888888889,0.7777777777777778,0.7777777777777778,0.4482758620689655,0.0,0.5517241379310345,1.0,0.24074074074074073,0.22413793103448276,0.4482758620689655,0.4482758620689655,0.4482758620689655,0.0,0.5517241379310345,1.0,0.24074074074074073,0.22413793103448276,0.4482758620689655,0.4482758620689655,0.6842105263157895,0.5714285714285714,0.3157894736842105,0.42857142857142855,0.6111111111111112,0.6278195488721805,0.6842105263157895,0.6842105263157895,0.6470588235294118,0.5405405405405406,0.35294117647058826,0.4594594594594595,0.5740740740740741,0.5937996820349762,0.6470588235294118,0.6470588235294118,0.65,0.5588235294117647,0.35,0.4411764705882353,0.5925925925925926,0.6044117647058824,0.65,0.65,
monks-1.arff,556,7,0.6024096385542169,0.0,0.39759036144578314,1.0,0.35842293906810035,0.30120481927710846,0.6024096385542169,0.46987951807228917,0.6153846153846154,0.0,0.38461538461538464,1.0,0.25806451612903225,0.3076923076923077,0.6153846153846154,0.6153846153846154,0.463855421686747,0.0,0.536144578313253,1.0,0.27598566308243727,0.2319277108433735,0.463855421686747,0.463855421686747,0.628099173553719,0.0,0.371900826446281,1.0,0.2724014336917563,0.3140495867768595,0.628099173553719,0.628099173553719,0.6024096385542169,0.0,0.39759036144578314,1.0,0.35842293906810035,0.30120481927710846,0.6024096385542169,0.6024096385542169,0.46987951807228917,0.0,0.5301204819277109,1.0,0.27956989247311825,0.23493975903614459,0.46987951807228917,0.0,0.43209876543209874,0.0,0.5679012345679012,1.0,0.25089605734767023,0.21604938271604937,0.43209876543209874,0.43209876543209874,0.43209876543209874,0.0,0.5679012345679012,1.0,0.25089605734767023,0.21604938271604937,0.43209876543209874,0.43209876543209874,0.576271186440678,0.0,0.423728813559322,1.0,0.24372759856630824,0.288135593220339,0.576271186440678,0.576271186440678,0.6153846153846154,0.0,0.38461538461538464,1.0,0.25806451612903225,0.3076923076923077,0.6153846153846154,0.6153846153846154,0.5897435897435898,0.0,0.41025641025641024,1.0,0.24731182795698925,0.2948717948717949,0.5897435897435898,0.5897435897435898,0.5897435897435898,0.0,0.41025641025641024,1.0,0.24731182795698925,0.2948717948717949,0.5897435897435898,0.5897435897435898,0.47333333333333333,0.4573643410852713,0.5266666666666666,0.5426356589147286,0.4659498207885305,0.4653488372093023,0.47333333333333333,0.47333333333333333,0.4943181818181818,0.47572815533980584,0.5056818181818182,0.5242718446601942,0.4874551971326165,0.48502316857899386,0.4943181818181818,0.4943181818181818,0.4941860465116279,0.4766355140186916,0.5058139534883721,0.5233644859813084,0.4874551971326165,0.4854107802651597,0.4941860465116279,0.4941860465116279,
monks-2.arff,601,7,0.2786885245901639,0.0,0.7213114754098361,1.0,0.11295681063122924,0.13934426229508196,0.2786885245901639,0.4247311827956989,0.368,0.0,0.632,1.0,0.15282392026578073,0.184,0.368,0.368,0.42162162162162165,0.0,0.5783783783783784,1.0,0.2591362126245847,0.21081081081081082,0.42162162162162165,0.42162162162162165,0.40331491712707185,0.0,0.5966850828729282,1.0,0.2425249169435216,0.20165745856353592,0.40331491712707185,0.40331491712707185,0.40331491712707185,0.0,0.5966850828729282,1.0,0.2425249169435216,0.20165745856353592,0.40331491712707185,0.40331491712707185,0.42473118279569894,0.0,0.5752688172043011,1.0,0.26245847176079734,0.21236559139784947,0.42473118279569894,0.0,0.3515625,0.0,0.6484375,1.0,0.14950166112956811,0.17578125,0.3515625,0.3515625,0.3515625,0.0,0.6484375,1.0,0.14950166112956811,0.17578125,0.3515625,0.3515625,0.41711229946524064,0.0,0.5828877005347594,1.0,0.2591362126245847,0.20855614973262032,0.41711229946524064,0.41711229946524064,0.41711229946524064,0.0,0.5828877005347594,1.0,0.2591362126245847,0.20855614973262032,0.41711229946524064,0.41711229946524064,0.3791208791208791,0.0,0.6208791208791209,1.0,0.2292358803986711,0.18956043956043955,0.3791208791208791,0.37912087912087916,0.3791208791208791,0.0,0.6208791208791209,1.0,0.2292358803986711,0.18956043956043955,0.3791208791208791,0.37912087912087916,0.37755102040816324,0.6650246305418719,0.6224489795918368,0.33497536945812806,0.5714285714285714,0.5212878254750175,0.37755102040816324,0.37755102040816324,0.40217391304347827,0.7350427350427351,0.5978260869565217,0.26495726495726496,0.53156146179402,0.5686083240431067,0.40217391304347827,0.40217391304347827,0.3956043956043956,0.7226890756302521,0.6043956043956044,0.2773109243697479,0.5249169435215947,0.5591467356173239,0.3956043956043956,0.3956043956043956,
monks-3.arff,554,7,0.5286624203821656,0.0,0.4713375796178344,1.0,0.29856115107913667,0.2643312101910828,0.5286624203821656,0.4233128834355828,0.4936708860759494,0.0,0.5063291139240507,1.0,0.2805755395683453,0.2468354430379747,0.4936708860759494,0.4936708860759494,0.4329268292682927,0.0,0.5670731707317073,1.0,0.25539568345323743,0.21646341463414634,0.4329268292682927,0.4329268292682927,0.41358024691358025,0.0,0.5864197530864198,1.0,0.24100719424460432,0.20679012345679013,0.41358024691358025,0.41358024691358025,0.5286624203821656,0.0,0.4713375796178344,1.0,0.29856115107913667,0.2643312101910828,0.5286624203821656,0.5286624203821656,0.4233128834355828,0.0,0.5766871165644172,1.0,0.24820143884892087,0.2116564417177914,0.4233128834355828,0.0,0.3878787878787879,0.0,0.6121212121212121,1.0,0.2302158273381295,0.19393939393939394,0.3878787878787879,0.3878787878787879,0.4329268292682927,0.0,0.5670731707317073,1.0,0.25539568345323743,0.21646341463414634,0.4329268292682927,0.4329268292682927,0.75,0.0,0.25,1.0,0.38848920863309355,0.375,0.75,0.75,0.4936708860759494,0.0,0.5063291139240507,1.0,0.2805755395683453,0.2468354430379747,0.4936708860759494,0.4936708860759494,0.7130434782608696,0.0,0.28695652173913044,1.0,0.2949640287769784,0.3565217391304348,0.7130434782608696,0.7130434782608696,0.7130434782608696,0.0,0.28695652173913044,1.0,0.2949640287769784,0.3565217391304348,0.7130434782608696,0.7130434782608696,0.5804195804195804,0.5037037037037037,0.4195804195804196,0.4962962962962963,0.5431654676258992,0.542061642061642,0.5804195804195804,0.5804195804195804,0.5974842767295597,0.5378151260504201,0.4025157232704403,0.46218487394957986,0.5719424460431655,0.5676497013899899,0.5974842767295597,0.5974842767295597,0.6024096385542169,0.5535714285714286,0.39759036144578314,0.44642857142857145,0.5827338129496403,0.5779905335628228,0.6024096385542169,0.6024096385542169,
musk-1.arff,476,167,0.5811965811965812,0.0,0.4188034188034188,1.0,0.28451882845188287,0.2905982905982906,0.5811965811965812,0.36283185840707965,0.5447154471544715,0.0,0.45528455284552843,1.0,0.2803347280334728,0.27235772357723576,0.5447154471544715,0.5447154471544715,0.3684210526315789,0.0,0.631578947368421,1.0,0.17573221757322174,0.18421052631578946,0.3684210526315789,0.3684210526315789,0.5461538461538461,0.0,0.45384615384615384,1.0,0.29707112970711297,0.27307692307692305,0.5461538461538461,0.5461538461538461,0.5811965811965812,0.0,0.4188034188034188,1.0,0.28451882845188287,0.2905982905982906,0.5811965811965812,0.5811965811965812,0.36283185840707965,0.0,0.6371681415929203,1.0,0.17154811715481172,0.18141592920353983,0.36283185840707965,0.0,0.5338345864661654,0.0,0.46616541353383456,1.0,0.29707112970711297,0.2669172932330827,0.5338345864661654,0.5338345864661654,0.3684210526315789,0.0,0.631578947368421,1.0,0.17573221757322174,0.18421052631578946,0.3684210526315789,0.3684210526315789,0.5434782608695652,0.0,0.45652173913043476,1.0,0.3138075313807531,0.2717391304347826,0.5434782608695652,0.5434782608695652,0.5447154471544715,0.0,0.45528455284552843,1.0,0.2803347280334728,0.27235772357723576,0.5447154471544715,0.5447154471544715,0.5514705882352942,0.0,0.4485294117647059,1.0,0.3138075313807531,0.2757352941176471,0.5514705882352942,0.5514705882352942,0.5514705882352942,0.0,0.4485294117647059,1.0,0.3138075313807531,0.2757352941176471,0.5514705882352942,0.5514705882352942,0.5701754385964912,0.672,0.4298245614035088,0.328,0.6234309623430963,0.6210877192982456,0.5701754385964912,0.5701754385964912,0.5416666666666666,0.6554621848739496,0.4583333333333333,0.3445378151260504,0.5983263598326359,0.5985644257703081,0.5416666666666666,0.5416666666666666,0.5423728813559322,0.6528925619834711,0.4576271186440678,0.34710743801652894,0.5983263598326359,0.5976327216697017,0.5423728813559322,0.5423728813559322,
oocytes_merluccius_nucleus_4d.arff,1022,42,0.7761194029850746,0.0,0.22388059701492538,1.0,0.3046875,0.3880597014925373,0.7761194029850746,0.6986899563318777,0.8137254901960784,0.0,0.18627450980392157,1.0,0.32421875,0.4068627450980392,0.8137254901960784,0.8137254901960784,0.6986899563318777,0.0,0.30131004366812225,1.0,0.3125,0.34934497816593885,0.6986899563318777,0.6986899563318777,0.75177304964539,0.0,0.24822695035460993,1.0,0.4140625,0.375886524822695,0.75177304964539,0.7517730496453902,0.75177304964539,0.0,0.24822695035460993,1.0,0.4140625,0.375886524822695,0.75177304964539,0.7517730496453902,0.6986899563318777,0.0,0.30131004366812225,1.0,0.3125,0.34934497816593885,0.6986899563318777,0.0,0.7517985611510791,0.0,0.24820143884892087,1.0,0.408203125,0.37589928057553956,0.7517985611510791,0.7517985611510791,0.7517985611510791,0.0,0.24820143884892087,1.0,0.408203125,0.37589928057553956,0.7517985611510791,0.7517985611510791,0.7584905660377359,0.0,0.24150943396226415,1.0,0.392578125,0.37924528301886795,0.7584905660377359,0.7584905660377359,0.7584905660377359,0.0,0.24150943396226415,1.0,0.392578125,0.37924528301886795,0.7584905660377359,0.7584905660377359,0.75,0.0,0.25,1.0,0.38671875,0.375,0.75,0.75,0.75,0.0,0.25,1.0,0.38671875,0.375,0.75,0.75,0.7556390977443609,0.45934959349593496,0.24436090225563908,0.540650406504065,0.61328125,0.6074943456201479,0.7556390977443609,0.7556390977443609,0.7536231884057971,0.4661016949152542,0.2463768115942029,0.5338983050847458,0.62109375,0.6098624416605256,0.7536231884057971,0.7536231884057971,0.7581227436823105,0.4723404255319149,0.24187725631768953,0.5276595744680851,0.626953125,0.6152315846071127,0.7581227436823105,0.7581227436823105,
oocytes_trisopterus_nucleus_2f.arff,912,26,0.5851851851851851,0.0,0.4148148148148148,1.0,0.17286652078774617,0.29259259259259257,0.5851851851851851,0.405,0.5974842767295597,0.0,0.4025157232704403,1.0,0.20787746170678337,0.29874213836477986,0.5974842767295597,0.5974842767295597,0.39901477832512317,0.0,0.6009852216748769,1.0,0.1772428884026258,0.19950738916256158,0.39901477832512317,0.39901477832512317,0.6029411764705882,0.0,0.39705882352941174,1.0,0.26914660831509846,0.3014705882352941,0.6029411764705882,0.6029411764705882,0.6029411764705882,0.0,0.39705882352941174,1.0,0.26914660831509846,0.3014705882352941,0.6029411764705882,0.6029411764705882,0.405,0.0,0.595,1.0,0.1772428884026258,0.2025,0.405,0.0,0.5939086294416244,0.0,0.40609137055837563,1.0,0.25601750547045954,0.2969543147208122,0.5939086294416244,0.5939086294416244,0.5939086294416244,0.0,0.40609137055837563,1.0,0.25601750547045954,0.2969543147208122,0.5939086294416244,0.5939086294416244,0.5933014354066986,0.0,0.40669856459330145,1.0,0.2713347921225383,0.2966507177033493,0.5933014354066986,0.5933014354066986,0.5933014354066986,0.0,0.40669856459330145,1.0,0.2713347921225383,0.2966507177033493,0.5933014354066986,0.5933014354066986,0.6296296296296297,0.0,0.37037037037037035,1.0,0.2603938730853392,0.3148148148148148,0.6296296296296297,0.6296296296296297,0.6296296296296297,0.0,0.37037037037037035,1.0,0.2603938730853392,0.3148148148148148,0.6296296296296297,0.6296296296296297,0.6083333333333333,0.5483870967741935,0.39166666666666666,0.45161290322580644,0.5798687089715536,0.5783602150537634,0.6083333333333333,0.6083333333333333,0.6068376068376068,0.5426008968609866,0.39316239316239315,0.45739910313901344,0.5754923413566739,0.5747192518492967,0.6068376068376068,0.6068376068376068,0.6488888888888888,0.5775862068965517,0.3511111111111111,0.4224137931034483,0.612691466083151,0.6132375478927203,0.6488888888888888,0.6488888888888888,
ozone.arff,2536,73,0.048286604361370715,0.0,0.9517133956386293,1.0,0.02442868400315209,0.024143302180685357,0.048286604361370715,0.03636363636363636,0.0546218487394958,0.0,0.9453781512605042,1.0,0.030732860520094562,0.0273109243697479,0.0546218487394958,0.0546218487394958,0.03636363636363636,0.0,0.9636363636363636,1.0,0.02206461780929866,0.01818181818181818,0.03636363636363636,0.03636363636363636,0.05080213903743316,0.0,0.9491978609625669,1.0,0.029944838455476755,0.02540106951871658,0.05080213903743316,0.05080213903743316,0.048286604361370715,0.0,0.9517133956386293,1.0,0.02442868400315209,0.024143302180685357,0.048286604361370715,0.048286604361370715,0.03636363636363636,0.0,0.9636363636363636,1.0,0.02206461780929866,0.01818181818181818,0.03636363636363636,0.0,0.050734312416555405,0.0,0.9492656875834445,1.0,0.029944838455476755,0.025367156208277702,0.050734312416555405,0.050734312416555405,0.03636363636363636,0.0,0.9636363636363636,1.0,0.02206461780929866,0.01818181818181818,0.03636363636363636,0.03636363636363636,0.04819277108433735,0.0,0.9518072289156626,1.0,0.028368794326241134,0.024096385542168676,0.04819277108433735,0.04819277108433735,0.0546218487394958,0.0,0.9453781512605042,1.0,0.030732860520094562,0.0273109243697479,0.0546218487394958,0.0546218487394958,0.04806408544726302,0.0,0.951935914552737,1.0,0.028368794326241134,0.02403204272363151,0.04806408544726302,0.04806408544726302,0.04806408544726302,0.0,0.951935914552737,1.0,0.028368794326241134,0.02403204272363151,0.04806408544726302,0.04806408544726302,0.04851752021563342,0.9867172675521821,0.9514824797843666,0.013282732447817837,0.438140267927502,0.5176173938839078,0.04851752021563342,0.04851752021563342,0.049531459170013385,0.9885057471264368,0.9504685408299867,0.011494252873563218,0.43577620173364856,0.5190186031482251,0.049531459170013385,0.04953145917001338,0.047936085219707054,0.9864864864864865,0.952063914780293,0.013513513513513514,0.4310480693459417,0.5172112858530968,0.047936085219707054,0.04793608521970705,
parkinsons.arff,195,23,0.7419354838709677,0.0,0.25806451612903225,1.0,0.46938775510204084,0.3709677419354839,0.7419354838709677,1.0,0.9523809523809523,0.0,0.047619047619047616,1.0,0.40816326530612246,0.47619047619047616,0.9523809523809523,0.9523809523809523,1.0,0.0,0.0,1.0,0.3877551020408163,0.5,1.0,1.0,0.8431372549019608,0.0,0.1568627450980392,1.0,0.4387755102040816,0.4215686274509804,0.8431372549019608,0.8431372549019607,0.7419354838709677,0.0,0.25806451612903225,1.0,0.46938775510204084,0.3709677419354839,0.7419354838709677,0.7419354838709677,1.0,0.0,0.0,1.0,0.37755102040816324,0.5,1.0,0.0,0.95,0.0,0.05,1.0,0.3877551020408163,0.475,0.95,0.9500000000000001,0.95,0.0,0.05,1.0,0.3877551020408163,0.475,0.95,0.9500000000000001,0.9444444444444444,0.0,0.05555555555555555,1.0,0.3469387755102041,0.4722222222222222,0.9444444444444444,0.9444444444444444,0.9523809523809523,0.0,0.047619047619047616,1.0,0.40816326530612246,0.47619047619047616,0.9523809523809523,0.9523809523809523,0.975,0.0,0.025,1.0,0.3979591836734694,0.4875,0.975,0.975,0.975,0.0,0.025,1.0,0.3979591836734694,0.4875,0.975,0.975,1.0,0.375,0.0,0.625,0.5918367346938775,0.6875,1.0,1.0,1.0,0.38095238095238093,0.0,0.6190476190476191,0.6020408163265306,0.6904761904761905,1.0,1.0,0.9722222222222222,0.3709677419354839,0.027777777777777776,0.6290322580645161,0.5918367346938775,0.671594982078853,0.9722222222222222,0.9722222222222222,
pima.arff,768,9,0.5029239766081871,0.0,0.49707602339181284,1.0,0.22337662337662337,0.25146198830409355,0.5029239766081871,0.5581395348837209,0.42528735632183906,0.0,0.5747126436781609,1.0,0.19220779220779222,0.21264367816091953,0.42528735632183906,0.42528735632183906,0.5614035087719298,0.0,0.43859649122807015,1.0,0.24935064935064935,0.2807017543859649,0.5614035087719298,0.5614035087719298,0.4418604651162791,0.0,0.5581395348837209,1.0,0.1974025974025974,0.22093023255813954,0.4418604651162791,0.4418604651162791,0.4418604651162791,0.0,0.5581395348837209,1.0,0.1974025974025974,0.22093023255813954,0.4418604651162791,0.4418604651162791,0.5581395348837209,0.0,0.4418604651162791,1.0,0.24935064935064935,0.27906976744186046,0.5581395348837209,0.0,0.4318181818181818,0.0,0.5681818181818182,1.0,0.1974025974025974,0.2159090909090909,0.4318181818181818,0.4318181818181818,0.5614035087719298,0.0,0.43859649122807015,1.0,0.24935064935064935,0.2807017543859649,0.5614035087719298,0.5614035087719298,0.4913294797687861,0.0,0.5086705202312138,1.0,0.22077922077922077,0.24566473988439305,0.4913294797687861,0.4913294797687861,0.4913294797687861,0.0,0.5086705202312138,1.0,0.22077922077922077,0.24566473988439305,0.4913294797687861,0.4913294797687861,0.47126436781609193,0.0,0.5287356321839081,1.0,0.21298701298701297,0.23563218390804597,0.47126436781609193,0.47126436781609193,0.47126436781609193,0.0,0.5287356321839081,1.0,0.21298701298701297,0.23563218390804597,0.47126436781609193,0.47126436781609193,0.3684210526315789,0.6781115879828327,0.631578947368421,0.3218884120171674,0.5558441558441558,0.5232663203072058,0.3684210526315789,0.3684210526315789,0.50625,0.7777777777777778,0.49375,0.2222222222222222,0.6649350649350649,0.6420138888888889,0.50625,0.50625,0.5657142857142857,0.8476190476190476,0.4342857142857143,0.1523809523809524,0.7194805194805195,0.7066666666666667,0.5657142857142857,0.5657142857142857,
pittsburg-bridges-T-OR-D.arff,102,8,0.16666666666666666,0.0,0.8333333333333334,1.0,0.057692307692307696,0.08333333333333333,0.16666666666666666,0.19047619047619047,0.0,0.0,1.0,1.0,0.0,0.0,0.0,NaN,0.19047619047619047,0.0,0.8095238095238095,1.0,0.07692307692307693,0.09523809523809523,0.19047619047619047,0.19047619047619047,0.037037037037037035,0.0,0.9629629629629629,1.0,0.019230769230769232,0.018518518518518517,0.037037037037037035,0.037037037037037035,0.16666666666666666,0.0,0.8333333333333334,1.0,0.057692307692307696,0.08333333333333333,0.16666666666666666,0.16666666666666666,0.19047619047619047,0.0,0.8095238095238095,1.0,0.07692307692307693,0.09523809523809523,0.19047619047619047,0.0,0.08695652173913043,0.0,0.9130434782608695,1.0,0.038461538461538464,0.043478260869565216,0.08695652173913043,0.08695652173913043,0.19047619047619047,0.0,0.8095238095238095,1.0,0.07692307692307693,0.09523809523809523,0.19047619047619047,0.19047619047619047,0.15384615384615385,0.0,0.8461538461538461,1.0,0.07692307692307693,0.07692307692307693,0.15384615384615385,0.15384615384615385,0.0,0.0,1.0,1.0,0.0,0.0,0.0,NaN,0.14814814814814814,0.0,0.8518518518518519,1.0,0.07692307692307693,0.07407407407407407,0.14814814814814814,0.14814814814814814,0.14814814814814814,0.0,0.8518518518518519,1.0,0.07692307692307693,0.07407407407407407,0.14814814814814814,0.14814814814814814,0.2,0.9375,0.8,0.0625,0.6538461538461539,0.56875,0.2,0.20000000000000004,0.2727272727272727,1.0,0.7272727272727273,0.0,0.6923076923076923,0.6363636363636364,0.2727272727272727,0.2727272727272727,0.19047619047619047,0.9354838709677419,0.8095238095238095,0.06451612903225806,0.6346153846153846,0.5629800307219661,0.19047619047619047,0.19047619047619047,
planning.arff,182,13,0.22727272727272727,0.0,0.7727272727272727,1.0,0.10869565217391304,0.11363636363636363,0.22727272727272727,0.2682926829268293,0.18604651162790697,0.0,0.813953488372093,1.0,0.08695652173913043,0.09302325581395349,0.18604651162790697,0.18604651162790695,0.2619047619047619,0.0,0.7380952380952381,1.0,0.11956521739130435,0.13095238095238096,0.2619047619047619,0.2619047619047619,0.2708333333333333,0.0,0.7291666666666666,1.0,0.14130434782608695,0.13541666666666666,0.2708333333333333,0.2708333333333333,0.2708333333333333,0.0,0.7291666666666666,1.0,0.14130434782608695,0.13541666666666666,0.2708333333333333,0.2708333333333333,0.2682926829268293,0.0,0.7317073170731707,1.0,0.11956521739130435,0.13414634146341464,0.2682926829268293,0.0,0.2857142857142857,0.0,0.7142857142857143,1.0,0.15217391304347827,0.14285714285714285,0.2857142857142857,0.2857142857142857,0.2619047619047619,0.0,0.7380952380952381,1.0,0.11956521739130435,0.13095238095238096,0.2619047619047619,0.2619047619047619,0.2916666666666667,0.0,0.7083333333333334,1.0,0.15217391304347827,0.14583333333333334,0.2916666666666667,0.2916666666666667,0.2916666666666667,0.0,0.7083333333333334,1.0,0.15217391304347827,0.14583333333333334,0.2916666666666667,0.2916666666666667,0.30434782608695654,0.0,0.6956521739130435,1.0,0.15217391304347827,0.15217391304347827,0.30434782608695654,0.30434782608695654,0.30434782608695654,0.0,0.6956521739130435,1.0,0.15217391304347827,0.15217391304347827,0.30434782608695654,0.30434782608695654,0.29411764705882354,0.7758620689655172,0.7058823529411765,0.22413793103448276,0.5978260869565217,0.5349898580121704,0.29411764705882354,0.29411764705882354,0.1891891891891892,0.7090909090909091,0.8108108108108109,0.2909090909090909,0.5,0.4491400491400491,0.1891891891891892,0.18918918918918917,0.25,0.75,0.75,0.25,0.532608695652174,0.5,0.25,0.25,
spambase.arff,4601,58,0.5747663551401869,0.0,0.4252336448598131,1.0,0.2138200782268579,0.28738317757009346,0.5747663551401869,0.5632984901277585,0.4933008526187576,0.0,0.5066991473812423,1.0,0.1760104302477184,0.2466504263093788,0.4933008526187576,0.49330085261875756,0.5627906976744186,0.0,0.4372093023255814,1.0,0.21034332898739677,0.2813953488372093,0.5627906976744186,0.5627906976744186,0.40758873929008566,0.0,0.5924112607099143,1.0,0.2894393741851369,0.20379436964504283,0.40758873929008566,0.40758873929008566,0.5747663551401869,0.0,0.4252336448598131,1.0,0.2138200782268579,0.28738317757009346,0.5747663551401869,0.5747663551401869,0.5632984901277585,0.0,0.4367015098722416,1.0,0.21077792264232942,0.28164924506387923,0.5632984901277585,0.0,0.35437212360289283,0.0,0.6456278763971072,1.0,0.23424598000869187,0.17718606180144642,0.35437212360289283,0.3543721236028928,0.35437212360289283,0.0,0.6456278763971072,1.0,0.23424598000869187,0.17718606180144642,0.35437212360289283,0.3543721236028928,0.7835968379446641,0.0,0.21640316205533597,1.0,0.3446327683615819,0.39179841897233203,0.7835968379446641,0.7835968379446641,0.4933008526187576,0.0,0.5066991473812423,1.0,0.1760104302477184,0.2466504263093788,0.4933008526187576,0.49330085261875756,0.8034934497816594,0.0,0.1965065502183406,1.0,0.31986093003042154,0.4017467248908297,0.8034934497816594,0.8034934497816594,0.8034934497816594,0.0,0.1965065502183406,1.0,0.31986093003042154,0.4017467248908297,0.8034934497816594,0.8034934497816594,0.7682263329706203,0.8683068017366136,0.23177366702937977,0.1316931982633864,0.828335506301608,0.8182665673536169,0.7682263329706203,0.7682263329706202,0.8747152619589977,0.915671117357695,0.1252847380410023,0.084328882642305,0.9000434593654932,0.8951931896583464,0.8747152619589977,0.8747152619589977,0.8735224586288416,0.8975945017182131,0.12647754137115838,0.10240549828178694,0.8887440243372446,0.8855584801735273,0.8735224586288416,0.8735224586288416,
spect.arff,265,23,0.47619047619047616,0.10204081632653061,0.5238095238095238,0.8979591836734694,0.3383458646616541,0.2891156462585034,0.47619047619047616,0.4954128440366973,0.3,0.04424778761061947,0.7,0.9557522123893806,0.08270676691729323,0.17212389380530974,0.3,0.3,0.4954128440366973,0.20833333333333334,0.5045871559633027,0.7916666666666666,0.44360902255639095,0.3518730886850153,0.4954128440366973,0.4954128440366973,0.5161290322580645,0.049019607843137254,0.4838709677419355,0.9509803921568627,0.15789473684210525,0.2825743200506009,0.5161290322580645,0.5161290322580645,0.5161290322580645,0.049019607843137254,0.4838709677419355,0.9509803921568627,0.15789473684210525,0.2825743200506009,0.5161290322580645,0.5161290322580645,0.4954128440366973,0.20833333333333334,0.5045871559633027,0.7916666666666666,0.44360902255639095,0.3518730886850153,0.4954128440366973,0.0,0.4909090909090909,0.21739130434782608,0.509090909090909,0.782608695652174,0.44360902255639095,0.3541501976284585,0.4909090909090909,0.4909090909090909,0.4954128440366973,0.20833333333333334,0.5045871559633027,0.7916666666666666,0.44360902255639095,0.3518730886850153,0.4954128440366973,0.4954128440366973,0.2631578947368421,0.043859649122807015,0.7368421052631579,0.956140350877193,0.07518796992481203,0.15350877192982454,0.2631578947368421,0.2631578947368421,0.2631578947368421,0.043859649122807015,0.7368421052631579,0.956140350877193,0.07518796992481203,0.15350877192982454,0.2631578947368421,0.2631578947368421,0.2631578947368421,0.043859649122807015,0.7368421052631579,0.956140350877193,0.07518796992481203,0.15350877192982454,0.2631578947368421,0.2631578947368421,0.2631578947368421,0.043859649122807015,0.7368421052631579,0.956140350877193,0.07518796992481203,0.15350877192982454,0.2631578947368421,0.2631578947368421,0.47368421052631576,0.7368421052631579,0.5263157894736842,0.2631578947368421,0.5112781954887218,0.6052631578947368,0.47368421052631576,0.47368421052631576,0.46956521739130436,0.7222222222222222,0.5304347826086957,0.2777777777777778,0.5037593984962406,0.5958937198067633,0.46956521739130436,0.46956521739130436,0.47368421052631576,0.7368421052631579,0.5263157894736842,0.2631578947368421,0.5112781954887218,0.6052631578947368,0.47368421052631576,0.47368421052631576,
spectf.arff,267,45,0.7625,0.0,0.2375,1.0,0.4552238805970149,0.38125,0.7625,0.75,1.0,0.0,0.0,1.0,0.35074626865671643,0.5,1.0,1.0,0.7448979591836735,0.0,0.25510204081632654,1.0,0.5447761194029851,0.37244897959183676,0.7448979591836735,0.7448979591836735,0.7395833333333334,0.0,0.2604166666666667,1.0,0.5298507462686567,0.3697916666666667,0.7395833333333334,0.7395833333333334,0.7395833333333334,0.0,0.2604166666666667,1.0,0.5298507462686567,0.3697916666666667,0.7395833333333334,0.7395833333333334,0.75,0.0,0.25,1.0,0.5597014925373134,0.375,0.75,0.0,1.0,0.0,0.0,1.0,0.27611940298507465,0.5,1.0,1.0,0.7448979591836735,0.0,0.25510204081632654,1.0,0.5447761194029851,0.37244897959183676,0.7448979591836735,0.7448979591836735,1.0,0.0,0.0,1.0,0.26865671641791045,0.5,1.0,1.0,1.0,0.0,0.0,1.0,0.26865671641791045,0.5,1.0,1.0,1.0,0.0,0.0,1.0,0.2537313432835821,0.5,1.0,1.0,1.0,0.0,0.0,1.0,0.2537313432835821,0.5,1.0,1.0,0.7368421052631579,0.0,0.2631578947368421,1.0,0.5223880597014925,0.3684210526315789,0.7368421052631579,0.7368421052631579,0.7340425531914894,0.0,0.26595744680851063,1.0,0.5149253731343284,0.3670212765957447,0.7340425531914894,0.7340425531914893,0.7368421052631579,0.0,0.2631578947368421,1.0,0.5223880597014925,0.3684210526315789,0.7368421052631579,0.7368421052631579,
statlog-australian-credit.arff,690,15,0.695364238410596,0.0,0.304635761589404,1.0,0.30346820809248554,0.347682119205298,0.695364238410596,0.7388535031847133,0.6742857142857143,0.0,0.32571428571428573,1.0,0.34104046242774566,0.33714285714285713,0.6742857142857143,0.6742857142857143,0.7358490566037735,0.0,0.2641509433962264,1.0,0.33815028901734107,0.36792452830188677,0.7358490566037735,0.7358490566037735,0.6887417218543046,0.0,0.31125827814569534,1.0,0.30057803468208094,0.3443708609271523,0.6887417218543046,0.6887417218543046,0.6887417218543046,0.0,0.31125827814569534,1.0,0.30057803468208094,0.3443708609271523,0.6887417218543046,0.6887417218543046,0.7388535031847133,0.0,0.2611464968152866,1.0,0.3352601156069364,0.36942675159235666,0.7388535031847133,0.0,0.6883116883116883,0.0,0.3116883116883117,1.0,0.3063583815028902,0.34415584415584416,0.6883116883116883,0.6883116883116883,0.6883116883116883,0.0,0.3116883116883117,1.0,0.3063583815028902,0.34415584415584416,0.6883116883116883,0.6883116883116883,0.69,0.0,0.31,1.0,0.3988439306358382,0.345,0.69,0.69,0.69,0.0,0.31,1.0,0.3988439306358382,0.345,0.69,0.69,0.6915422885572139,0.0,0.30845771144278605,1.0,0.40173410404624277,0.34577114427860695,0.6915422885572139,0.6915422885572139,0.6915422885572139,0.0,0.30845771144278605,1.0,0.40173410404624277,0.34577114427860695,0.6915422885572139,0.6915422885572139,0.6896551724137931,0.30845771144278605,0.3103448275862069,0.6915422885572139,0.4682080924855491,0.4990564419282896,0.6896551724137931,0.6896551724137931,0.7046979865771812,0.3197969543147208,0.2953020134228188,0.6802030456852792,0.48554913294797686,0.512247470445951,0.7046979865771812,0.7046979865771812,0.6967741935483871,0.31413612565445026,0.3032258064516129,0.6858638743455497,0.48554913294797686,0.5054551596014187,0.6967741935483871,0.6967741935483871,
statlog-german-credit.arff,1000,25,0.3880597014925373,0.0,0.6119402985074627,1.0,0.20758483033932135,0.19402985074626866,0.3880597014925373,0.19838056680161947,0.415929203539823,0.0,0.584070796460177,1.0,0.18762475049900199,0.2079646017699115,0.415929203539823,0.415929203539823,0.1975806451612903,0.0,0.8024193548387096,1.0,0.09780439121756487,0.09879032258064516,0.1975806451612903,0.19758064516129034,0.29435483870967744,0.0,0.7056451612903226,1.0,0.14570858283433133,0.14717741935483872,0.29435483870967744,0.29435483870967744,0.29435483870967744,0.0,0.7056451612903226,1.0,0.14570858283433133,0.14717741935483872,0.29435483870967744,0.29435483870967744,0.19838056680161945,0.0,0.8016194331983806,1.0,0.09780439121756487,0.09919028340080972,0.19838056680161945,0.0,0.31063829787234043,0.0,0.6893617021276596,1.0,0.14570858283433133,0.15531914893617021,0.31063829787234043,0.31063829787234043,0.31063829787234043,0.0,0.6893617021276596,1.0,0.14570858283433133,0.15531914893617021,0.31063829787234043,0.31063829787234043,0.3170731707317073,0.0,0.6829268292682927,1.0,0.15568862275449102,0.15853658536585366,0.3170731707317073,0.3170731707317073,0.3170731707317073,0.0,0.6829268292682927,1.0,0.15568862275449102,0.15853658536585366,0.3170731707317073,0.3170731707317073,0.3117408906882591,0.0,0.6882591093117408,1.0,0.1536926147704591,0.15587044534412955,0.3117408906882591,0.3117408906882591,0.3117408906882591,0.0,0.6882591093117408,1.0,0.1536926147704591,0.15587044534412955,0.3117408906882591,0.3117408906882591,0.33766233766233766,0.7703703703703704,0.6623376623376623,0.22962962962962963,0.5708582834331337,0.5540163540163541,0.33766233766233766,0.33766233766233766,0.3814814814814815,0.8398268398268398,0.6185185185185185,0.16017316017316016,0.592814371257485,0.6106541606541607,0.3814814814814815,0.3814814814814815,0.35074626865671643,0.8025751072961373,0.6492537313432836,0.19742489270386265,0.5608782435129741,0.5766606879764269,0.35074626865671643,0.35074626865671643,
statlog-heart.arff,270,14,0.4,0.0,0.6,1.0,0.17647058823529413,0.2,0.4,0.746031746031746,0.7014925373134329,0.0,0.29850746268656714,1.0,0.34558823529411764,0.35074626865671643,0.7014925373134329,0.7014925373134329,0.75,0.0,0.25,1.0,0.35294117647058826,0.375,0.75,0.75,0.15873015873015872,0.0,0.8412698412698413,1.0,0.07352941176470588,0.07936507936507936,0.15873015873015872,0.15873015873015872,0.4,0.0,0.6,1.0,0.17647058823529413,0.2,0.4,0.4000000000000001,0.746031746031746,0.0,0.25396825396825395,1.0,0.34558823529411764,0.373015873015873,0.746031746031746,0.0,0.7419354838709677,0.0,0.25806451612903225,1.0,0.3382352941176471,0.3709677419354839,0.7419354838709677,0.7419354838709677,0.75,0.0,0.25,1.0,0.35294117647058826,0.375,0.75,0.75,0.3968253968253968,0.0,0.6031746031746031,1.0,0.18382352941176472,0.1984126984126984,0.3968253968253968,0.3968253968253968,0.7014925373134329,0.0,0.29850746268656714,1.0,0.34558823529411764,0.35074626865671643,0.7014925373134329,0.7014925373134329,0.2054794520547945,0.0,0.7945205479452054,1.0,0.11029411764705882,0.10273972602739725,0.2054794520547945,0.2054794520547945,0.2054794520547945,0.0,0.7945205479452054,1.0,0.11029411764705882,0.10273972602739725,0.2054794520547945,0.2054794520547945,0.5263157894736842,0.5714285714285714,0.47368421052631576,0.42857142857142855,0.5588235294117647,0.5488721804511278,0.5263157894736842,0.5263157894736842,0.6666666666666666,0.6962025316455697,0.3333333333333333,0.3037974683544304,0.6838235294117647,0.6814345991561181,0.6666666666666666,0.6666666666666666,0.631578947368421,0.6708860759493671,0.3684210526315789,0.3291139240506329,0.6544117647058824,0.6512325116588941,0.631578947368421,0.631578947368421,
tic-tac-toe.arff,958,10,0.8547008547008547,0.0,0.1452991452991453,1.0,0.4166666666666667,0.42735042735042733,0.8547008547008547,0.11764705882352941,0.8368200836820083,0.0,0.16317991631799164,1.0,0.4166666666666667,0.41841004184100417,0.8368200836820083,0.8368200836820082,0.11242603550295859,0.0,0.8875739644970414,1.0,0.03958333333333333,0.05621301775147929,0.11242603550295859,0.11242603550295859,0.8099173553719008,0.0,0.19008264462809918,1.0,0.4083333333333333,0.4049586776859504,0.8099173553719008,0.8099173553719008,0.8547008547008547,0.0,0.1452991452991453,1.0,0.4166666666666667,0.42735042735042733,0.8547008547008547,0.8547008547008547,0.11764705882352941,0.0,0.8823529411764706,1.0,0.041666666666666664,0.058823529411764705,0.11764705882352941,0.0,0.8025210084033614,0.0,0.19747899159663865,1.0,0.39791666666666664,0.4012605042016807,0.8025210084033614,0.8025210084033614,0.8025210084033614,0.0,0.19747899159663865,1.0,0.39791666666666664,0.4012605042016807,0.8025210084033614,0.8025210084033614,0.8114754098360656,0.0,0.1885245901639344,1.0,0.4125,0.4057377049180328,0.8114754098360656,0.8114754098360656,0.8368200836820083,0.0,0.16317991631799164,1.0,0.4166666666666667,0.41841004184100417,0.8368200836820083,0.8368200836820082,0.7983539094650206,0.0,0.20164609053497942,1.0,0.4041666666666667,0.3991769547325103,0.7983539094650206,0.7983539094650206,0.7983539094650206,0.0,0.20164609053497942,1.0,0.4041666666666667,0.3991769547325103,0.7983539094650206,0.7983539094650206,0.783410138248848,0.4144486692015209,0.21658986175115208,0.5855513307984791,0.58125,0.5989294037251844,0.783410138248848,0.783410138248848,0.7061224489795919,0.3574468085106383,0.2938775510204082,0.6425531914893617,0.5354166666666667,0.5317846287451151,0.7061224489795919,0.7061224489795919,0.746938775510204,0.4,0.2530612244897959,0.6,0.5770833333333333,0.573469387755102,0.746938775510204,0.746938775510204,
titanic.arff,2201,4,0.5033860045146726,0.0,0.4966139954853273,1.0,0.2025431425976385,0.2516930022573363,0.5033860045146726,0.22625698324022347,0.5033860045146726,0.0,0.4966139954853273,1.0,0.2025431425976385,0.2516930022573363,0.5033860045146726,0.5033860045146726,0.22625698324022347,0.0,0.7737430167597765,1.0,0.14713896457765668,0.11312849162011174,0.22625698324022347,0.22625698324022347,0.748898678414097,0.0,0.2511013215859031,1.0,0.15440508628519528,0.3744493392070485,0.748898678414097,0.748898678414097,0.748898678414097,0.0,0.2511013215859031,1.0,0.15440508628519528,0.3744493392070485,0.748898678414097,0.748898678414097,0.22625698324022347,0.0,0.7737430167597765,1.0,0.14713896457765668,0.11312849162011174,0.22625698324022347,0.0,0.4027777777777778,0.0,0.5972222222222222,1.0,0.23705722070844687,0.2013888888888889,0.4027777777777778,0.4027777777777778,0.4027777777777778,0.0,0.5972222222222222,1.0,0.23705722070844687,0.2013888888888889,0.4027777777777778,0.4027777777777778,0.20583941605839415,0.0,0.7941605839416058,1.0,0.12806539509536785,0.10291970802919707,0.20583941605839415,0.20583941605839415,0.20583941605839415,0.0,0.7941605839416058,1.0,0.12806539509536785,0.10291970802919707,0.20583941605839415,0.20583941605839415,0.19908814589665655,0.0,0.8009118541033434,1.0,0.11898274296094459,0.09954407294832827,0.19908814589665655,0.19908814589665655,0.19908814589665655,0.0,0.8009118541033434,1.0,0.11898274296094459,0.09954407294832827,0.19908814589665655,0.19908814589665655,0.7086614173228346,0.79456906729634,0.29133858267716534,0.20543093270365997,0.7747502270663034,0.7516152423095873,0.7086614173228346,0.7086614173228346,0.3215258855585831,NaN,0.6784741144414169,NaN,0.3215258855585831,NaN,0.3215258855585831,0.3215258855585831,0.3474484256243214,0.8111111111111111,0.6525515743756786,0.18888888888888888,0.4232515894641235,0.5792797683677162,0.3474484256243214,0.3474484256243214,
trains.arff,10,30,0.6,0.0,0.4,1.0,0.5,0.3,0.6,0.5,0.5,0.0,0.5,1.0,0.16666666666666666,0.25,0.5,0.5,0.5,0.0,0.5,1.0,0.16666666666666666,0.25,0.5,0.5,0.5,0.0,0.5,1.0,0.16666666666666666,0.25,0.5,0.5,0.6,0.0,0.4,1.0,0.5,0.3,0.6,0.6,0.5,0.0,0.5,1.0,0.16666666666666666,0.25,0.5,0.0,0.3333333333333333,0.0,0.6666666666666666,1.0,0.16666666666666666,0.16666666666666666,0.3333333333333333,0.3333333333333333,0.5,0.0,0.5,1.0,0.16666666666666666,0.25,0.5,0.5,NaN,0.3333333333333333,NaN,0.6666666666666666,0.3333333333333333,NaN,NaN,NaN,0.5,0.0,0.5,1.0,0.16666666666666666,0.25,0.5,0.5,NaN,0.3333333333333333,NaN,0.6666666666666666,0.3333333333333333,NaN,NaN,NaN,NaN,0.3333333333333333,NaN,0.6666666666666666,0.3333333333333333,NaN,NaN,NaN,0.3333333333333333,0.0,0.6666666666666666,1.0,0.16666666666666666,0.16666666666666666,0.3333333333333333,0.3333333333333333,0.3333333333333333,0.0,0.6666666666666666,1.0,0.16666666666666666,0.16666666666666666,0.3333333333333333,0.3333333333333333,0.3333333333333333,0.0,0.6666666666666666,1.0,0.16666666666666666,0.16666666666666666,0.3333333333333333,0.3333333333333333,
